internship_id,company,position,field,description,required_skills,preferred_skills,location,duration,monthly_stipend,start_date,remote_possible
INT0001,PalTel Group,Cloud Networking Intern,Network Engineering,"Join PalTel Group as a Cloud Networking Intern in Gaza. Work with REST APIs, Java, Docker, AWS technologies on real-world projects in Network Engineering.","REST APIs, Java, Docker","AWS, Problem Solving, Communication",Gaza,4 months,1376,2026-02-07,False
INT0002,PalTel Group,Azure Intern,Cloud Computing,"Join PalTel Group as a Azure Intern in Bethlehem. Work with Python, Docker, Spring Boot, SQL technologies on real-world projects in Cloud Computing.","Python, Docker, Spring Boot","SQL, Problem Solving, Communication",Bethlehem,6 months,749,2026-01-07,True
INT0003,PalTel Group,Network Optimization Intern,Telecommunications,"Join PalTel Group as a Network Optimization Intern in Gaza. Work with Spring Boot, Microservices, SQL, Python technologies on real-world projects in Telecommunications.","Spring Boot, Microservices, SQL","Python, Problem Solving, Communication",Gaza,6 months,1809,2025-12-14,True
INT0004,PalTel Group,Cloud Networking Intern,Network Engineering,"Join PalTel Group as a Cloud Networking Intern in Bethlehem. Work with Python, REST APIs, Java, Microservices technologies on real-world projects in Network Engineering.","Python, REST APIs, Java","Microservices, Problem Solving, Communication",Bethlehem,4 months,1300,2025-12-21,True
INT0005,PalTel Group,Network Engineering Intern,Network Engineering,"Join PalTel Group as a Network Engineering Intern in Gaza. Work with AWS, Java, Docker, SQL technologies on real-world projects in Network Engineering.","AWS, Java, Docker","SQL, Problem Solving, Communication",Gaza,6 months,743,2026-01-06,True
INT0006,PalTel Group,Network Engineering Intern,Telecommunications,"Join PalTel Group as a Network Engineering Intern in Bethlehem. Work with Spring Boot, Java, SQL, REST APIs technologies on real-world projects in Telecommunications.","Spring Boot, Java, SQL","REST APIs, Problem Solving, Communication",Bethlehem,6 months,1204,2026-02-14,True
INT0007,PalTel Group,Network Operations Intern,Network Engineering,"Join PalTel Group as a Network Operations Intern in Gaza. Work with Docker, SQL, Spring Boot, REST APIs technologies on real-world projects in Network Engineering.","Docker, SQL, Spring Boot","REST APIs, Problem Solving, Communication",Gaza,3 months,1100,2025-12-05,True
INT0008,PalTel Group,5G Technology Intern,Telecommunications,"Join PalTel Group as a 5G Technology Intern in Gaza. Work with Microservices, Spring Boot, AWS, SQL technologies on real-world projects in Telecommunications.","Microservices, Spring Boot, AWS","SQL, Problem Solving, Communication",Gaza,3 months,1870,2026-01-20,True
INT0009,PalTel Group,Cloud Networking Intern,Network Engineering,"Join PalTel Group as a Cloud Networking Intern in Gaza. Work with AWS, Python, Java, Microservices technologies on real-world projects in Network Engineering.","AWS, Python, Java","Microservices, Problem Solving, Communication",Gaza,3 months,1721,2025-12-05,True
INT0010,PalTel Group,Python Developer Intern,Software Engineering,"Join PalTel Group as a Python Developer Intern in Gaza. Work with Python, Docker, REST APIs, Microservices technologies on real-world projects in Software Engineering.","Python, Docker, REST APIs","Microservices, Problem Solving, Communication",Gaza,6 months,1641,2025-12-20,True
INT0011,PalTel Group,Network Engineering Intern,Telecommunications,"Join PalTel Group as a Network Engineering Intern in Gaza. Work with SQL, Microservices, Python, AWS technologies on real-world projects in Telecommunications.","SQL, Microservices, Python","AWS, Problem Solving, Communication",Gaza,3 months,1284,2026-01-11,True
INT0012,PalTel Group,5G Technology Intern,Telecommunications,"Join PalTel Group as a 5G Technology Intern in Gaza. Work with Microservices, Docker, REST APIs, Python technologies on real-world projects in Telecommunications.","Microservices, Docker, REST APIs","Python, Problem Solving, Communication",Gaza,3 months,1781,2025-12-16,True
INT0013,PalTel Group,Cloud Infrastructure Intern,Cloud Computing,"Join PalTel Group as a Cloud Infrastructure Intern in Bethlehem. Work with Docker, Spring Boot, Microservices, SQL technologies on real-world projects in Cloud Computing.","Docker, Spring Boot, Microservices","SQL, Problem Solving, Communication",Bethlehem,4 months,770,2026-02-09,False
INT0014,PalTel Group,Telecom Systems Intern,Telecommunications,"Join PalTel Group as a Telecom Systems Intern in Bethlehem. Work with Microservices, Docker, Java, AWS technologies on real-world projects in Telecommunications.","Microservices, Docker, Java","AWS, Problem Solving, Communication",Bethlehem,6 months,1748,2025-12-26,False
INT0015,PalTel Group,Software Development Intern,Software Engineering,"Join PalTel Group as a Software Development Intern in Gaza. Work with SQL, Microservices, REST APIs, Spring Boot technologies on real-world projects in Software Engineering.","SQL, Microservices, REST APIs","Spring Boot, Problem Solving, Communication",Gaza,3 months,1332,2026-02-24,True
INT0016,PalTel Group,Cloud DevOps Intern,Cloud Computing,"Join PalTel Group as a Cloud DevOps Intern in Gaza. Work with REST APIs, AWS, Spring Boot, Java technologies on real-world projects in Cloud Computing.","REST APIs, AWS, Spring Boot","Java, Problem Solving, Communication",Gaza,3 months,1870,2025-12-16,False
INT0017,PalTel Group,Cloud Networking Intern,Network Engineering,"Join PalTel Group as a Cloud Networking Intern in Gaza. Work with Java, AWS, Python, REST APIs technologies on real-world projects in Network Engineering.","Java, AWS, Python","REST APIs, Problem Solving, Communication",Gaza,3 months,758,2025-12-27,False
INT0018,PalTel Group,Telecom Systems Intern,Telecommunications,"Join PalTel Group as a Telecom Systems Intern in Gaza. Work with AWS, Spring Boot, Java, Python technologies on real-world projects in Telecommunications.","AWS, Spring Boot, Java","Python, Problem Solving, Communication",Gaza,6 months,1391,2025-12-19,False
INT0019,PalTel Group,Web Services Intern,Software Engineering,"Join PalTel Group as a Web Services Intern in Bethlehem. Work with Python, REST APIs, Docker, SQL technologies on real-world projects in Software Engineering.","Python, REST APIs, Docker","SQL, Problem Solving, Communication",Bethlehem,4 months,857,2026-02-13,False
INT0020,PalTel Group,Network Operations Intern,Network Engineering,"Join PalTel Group as a Network Operations Intern in Gaza. Work with REST APIs, Microservices, AWS, Spring Boot technologies on real-world projects in Network Engineering.","REST APIs, Microservices, AWS","Spring Boot, Problem Solving, Communication",Gaza,6 months,1578,2026-02-05,True
INT0021,Bank of Palestine,Financial Technology Intern,FinTech,"Join Bank of Palestine as a Financial Technology Intern in Ramallah. Work with Node.js, Blockchain, React, Java technologies on real-world projects in FinTech.","Node.js, Blockchain, React","Java, Problem Solving, Communication",Ramallah,6 months,1575,2026-02-22,False
INT0022,Bank of Palestine,Business Intelligence Intern,Data Science,"Join Bank of Palestine as a Business Intelligence Intern in Hebron. Work with SQL, Python, Node.js, React technologies on real-world projects in Data Science.","SQL, Python, Node.js","React, Problem Solving, Communication",Hebron,3 months,1274,2026-02-21,False
INT0023,Bank of Palestine,Blockchain Development Intern,FinTech,"Join Bank of Palestine as a Blockchain Development Intern in Nablus. Work with Machine Learning, Blockchain, Node.js, SQL technologies on real-world projects in FinTech.","Machine Learning, Blockchain, Node.js","SQL, Problem Solving, Communication",Nablus,3 months,1301,2026-02-25,False
INT0024,Bank of Palestine,Statistical Analysis Intern,Data Science,"Join Bank of Palestine as a Statistical Analysis Intern in Ramallah. Work with Machine Learning, Blockchain, Node.js, SQL technologies on real-world projects in Data Science.","Machine Learning, Blockchain, Node.js","SQL, Problem Solving, Communication",Ramallah,3 months,1804,2026-01-14,True
INT0025,Bank of Palestine,Network Security Intern,Cybersecurity,"Join Bank of Palestine as a Network Security Intern in Hebron. Work with Blockchain, React, SQL, Java technologies on real-world projects in Cybersecurity.","Blockchain, React, SQL","Java, Problem Solving, Communication",Hebron,4 months,929,2026-02-06,False
INT0026,Bank of Palestine,Data Science Intern,Data Science,"Join Bank of Palestine as a Data Science Intern in Ramallah. Work with SQL, Python, Node.js, Machine Learning technologies on real-world projects in Data Science.","SQL, Python, Node.js","Machine Learning, Problem Solving, Communication",Ramallah,6 months,1020,2026-02-02,False
INT0027,Bank of Palestine,Mobile UI/UX Intern,Mobile Development,"Join Bank of Palestine as a Mobile UI/UX Intern in Hebron. Work with Node.js, SQL, Blockchain, Machine Learning technologies on real-world projects in Mobile Development.","Node.js, SQL, Blockchain","Machine Learning, Problem Solving, Communication",Hebron,4 months,701,2026-01-06,True
INT0028,Bank of Palestine,Security Operations Intern,Cybersecurity,"Join Bank of Palestine as a Security Operations Intern in Gaza. Work with SQL, Node.js, Blockchain, Python technologies on real-world projects in Cybersecurity.","SQL, Node.js, Blockchain","Python, Problem Solving, Communication",Gaza,4 months,1674,2025-12-29,True
INT0029,Bank of Palestine,Digital Forensics Intern,Cybersecurity,"Join Bank of Palestine as a Digital Forensics Intern in Ramallah. Work with Python, Blockchain, Java, Machine Learning technologies on real-world projects in Cybersecurity.","Python, Blockchain, Java","Machine Learning, Problem Solving, Communication",Ramallah,6 months,1932,2025-12-27,False
INT0030,Bank of Palestine,BI Development Intern,Business Intelligence,"Join Bank of Palestine as a BI Development Intern in Gaza. Work with Node.js, React, Blockchain, Java technologies on real-world projects in Business Intelligence.","Node.js, React, Blockchain","Java, Problem Solving, Communication",Gaza,3 months,887,2025-12-12,False
INT0031,Bank of Palestine,iOS Development Intern,Mobile Development,"Join Bank of Palestine as a iOS Development Intern in Hebron. Work with Machine Learning, Java, React, Python technologies on real-world projects in Mobile Development.","Machine Learning, Java, React","Python, Problem Solving, Communication",Hebron,4 months,1428,2025-12-13,True
INT0032,Bank of Palestine,Mobile App Developer Intern,Mobile Development,"Join Bank of Palestine as a Mobile App Developer Intern in Ramallah. Work with Java, Python, Blockchain, SQL technologies on real-world projects in Mobile Development.","Java, Python, Blockchain","SQL, Problem Solving, Communication",Ramallah,3 months,948,2025-12-20,False
INT0033,Bank of Palestine,Mobile UI/UX Intern,Mobile Development,"Join Bank of Palestine as a Mobile UI/UX Intern in Nablus. Work with React, SQL, Python, Blockchain technologies on real-world projects in Mobile Development.","React, SQL, Python","Blockchain, Problem Solving, Communication",Nablus,4 months,1004,2026-01-18,True
INT0034,Bank of Palestine,Reporting Analyst Intern,Business Intelligence,"Join Bank of Palestine as a Reporting Analyst Intern in Hebron. Work with React, Python, Blockchain, Node.js technologies on real-world projects in Business Intelligence.","React, Python, Blockchain","Node.js, Problem Solving, Communication",Hebron,3 months,1804,2025-12-24,True
INT0035,Bank of Palestine,Financial Technology Intern,FinTech,"Join Bank of Palestine as a Financial Technology Intern in Ramallah. Work with Machine Learning, React, Java, Blockchain technologies on real-world projects in FinTech.","Machine Learning, React, Java","Blockchain, Problem Solving, Communication",Ramallah,3 months,1860,2026-01-29,True
INT0036,Bank of Palestine,iOS Development Intern,Mobile Development,"Join Bank of Palestine as a iOS Development Intern in Ramallah. Work with Python, Blockchain, SQL, Machine Learning technologies on real-world projects in Mobile Development.","Python, Blockchain, SQL","Machine Learning, Problem Solving, Communication",Ramallah,3 months,1898,2026-01-30,True
INT0037,Bank of Palestine,Business Intelligence Intern,Data Science,"Join Bank of Palestine as a Business Intelligence Intern in Gaza. Work with Blockchain, SQL, Java, Python technologies on real-world projects in Data Science.","Blockchain, SQL, Java","Python, Problem Solving, Communication",Gaza,6 months,1528,2026-01-02,True
INT0038,Bank of Palestine,Machine Learning Intern,Data Science,"Join Bank of Palestine as a Machine Learning Intern in Nablus. Work with Machine Learning, Java, Blockchain, SQL technologies on real-world projects in Data Science.","Machine Learning, Java, Blockchain","SQL, Problem Solving, Communication",Nablus,4 months,1093,2025-12-26,True
INT0039,Bank of Palestine,Data Visualization Intern,Business Intelligence,"Join Bank of Palestine as a Data Visualization Intern in Hebron. Work with Java, SQL, Node.js, Machine Learning technologies on real-world projects in Business Intelligence.","Java, SQL, Node.js","Machine Learning, Problem Solving, Communication",Hebron,3 months,1311,2026-01-29,True
INT0040,Bank of Palestine,Business Analytics Intern,Business Intelligence,"Join Bank of Palestine as a Business Analytics Intern in Nablus. Work with Java, React, SQL, Node.js technologies on real-world projects in Business Intelligence.","Java, React, SQL","Node.js, Problem Solving, Communication",Nablus,4 months,1750,2025-11-29,True
INT0041,ASAL Technologies,Statistical Analysis Intern,Data Science,"Join ASAL Technologies as a Statistical Analysis Intern in Bethlehem. Work with NLTK, Spark, TensorFlow, OpenCV technologies on real-world projects in Data Science.","NLTK, Spark, TensorFlow","OpenCV, Problem Solving, Communication",Bethlehem,3 months,1623,2026-02-25,False
INT0042,ASAL Technologies,Machine Learning Intern,Artificial Intelligence,"Join ASAL Technologies as a Machine Learning Intern in Bethlehem. Work with PyTorch, Spark, Python, OpenCV technologies on real-world projects in Artificial Intelligence.","PyTorch, Spark, Python","OpenCV, Problem Solving, Communication",Bethlehem,4 months,927,2026-02-12,False
INT0043,ASAL Technologies,Statistical Analysis Intern,Data Science,"Join ASAL Technologies as a Statistical Analysis Intern in Ramallah. Work with PyTorch, NLTK, OpenCV, Kubernetes technologies on real-world projects in Data Science.","PyTorch, NLTK, OpenCV","Kubernetes, Problem Solving, Communication",Ramallah,3 months,1974,2026-02-16,True
INT0044,ASAL Technologies,Web Services Intern,Software Engineering,"Join ASAL Technologies as a Web Services Intern in Bethlehem. Work with NLTK, OpenCV, Python, PyTorch technologies on real-world projects in Software Engineering.","NLTK, OpenCV, Python","PyTorch, Problem Solving, Communication",Bethlehem,3 months,745,2026-01-29,False
INT0045,ASAL Technologies,Statistical Analysis Intern,Data Science,"Join ASAL Technologies as a Statistical Analysis Intern in Bethlehem. Work with NLTK, OpenCV, TensorFlow, PyTorch technologies on real-world projects in Data Science.","NLTK, OpenCV, TensorFlow","PyTorch, Problem Solving, Communication",Bethlehem,6 months,903,2026-02-14,False
INT0046,ASAL Technologies,Software Development Intern,Software Engineering,"Join ASAL Technologies as a Software Development Intern in Bethlehem. Work with Kubernetes, TensorFlow, Spark, NLTK technologies on real-world projects in Software Engineering.","Kubernetes, TensorFlow, Spark","NLTK, Problem Solving, Communication",Bethlehem,4 months,877,2025-12-13,False
INT0047,ASAL Technologies,Data Engineering Intern,Data Science,"Join ASAL Technologies as a Data Engineering Intern in Bethlehem. Work with TensorFlow, Python, Kubernetes, OpenCV technologies on real-world projects in Data Science.","TensorFlow, Python, Kubernetes","OpenCV, Problem Solving, Communication",Bethlehem,4 months,1165,2026-01-13,True
INT0048,ASAL Technologies,Machine Learning Intern,Data Science,"Join ASAL Technologies as a Machine Learning Intern in Ramallah. Work with TensorFlow, Python, OpenCV, PyTorch technologies on real-world projects in Data Science.","TensorFlow, Python, OpenCV","PyTorch, Problem Solving, Communication",Ramallah,3 months,1376,2026-01-18,True
INT0049,ASAL Technologies,NLP Engineering Intern,Artificial Intelligence,"Join ASAL Technologies as a NLP Engineering Intern in Bethlehem. Work with NLTK, Spark, Python, Kubernetes technologies on real-world projects in Artificial Intelligence.","NLTK, Spark, Python","Kubernetes, Problem Solving, Communication",Bethlehem,4 months,1435,2026-01-24,False
INT0050,ASAL Technologies,Statistical Analysis Intern,Data Science,"Join ASAL Technologies as a Statistical Analysis Intern in Bethlehem. Work with PyTorch, TensorFlow, Python, Kubernetes technologies on real-world projects in Data Science.","PyTorch, TensorFlow, Python","Kubernetes, Problem Solving, Communication",Bethlehem,3 months,1175,2026-01-24,False
INT0051,ASAL Technologies,Python Developer Intern,Software Engineering,"Join ASAL Technologies as a Python Developer Intern in Ramallah. Work with Python, PyTorch, OpenCV, Kubernetes technologies on real-world projects in Software Engineering.","Python, PyTorch, OpenCV","Kubernetes, Problem Solving, Communication",Ramallah,6 months,1579,2025-12-08,True
INT0052,ASAL Technologies,Java Developer Intern,Software Engineering,"Join ASAL Technologies as a Java Developer Intern in Bethlehem. Work with NLTK, TensorFlow, Python, Spark technologies on real-world projects in Software Engineering.","NLTK, TensorFlow, Python","Spark, Problem Solving, Communication",Bethlehem,3 months,1466,2026-01-06,False
INT0053,ASAL Technologies,Web Services Intern,Software Engineering,"Join ASAL Technologies as a Web Services Intern in Bethlehem. Work with Spark, NLTK, PyTorch, Python technologies on real-world projects in Software Engineering.","Spark, NLTK, PyTorch","Python, Problem Solving, Communication",Bethlehem,3 months,952,2025-11-29,False
INT0054,ASAL Technologies,AI Model Development Intern,Artificial Intelligence,"Join ASAL Technologies as a AI Model Development Intern in Bethlehem. Work with TensorFlow, Kubernetes, Spark, Python technologies on real-world projects in Artificial Intelligence.","TensorFlow, Kubernetes, Spark","Python, Problem Solving, Communication",Bethlehem,4 months,1283,2025-12-24,True
INT0055,ASAL Technologies,Data Science Intern,Artificial Intelligence,"Join ASAL Technologies as a Data Science Intern in Bethlehem. Work with NLTK, Spark, OpenCV, Kubernetes technologies on real-world projects in Artificial Intelligence.","NLTK, Spark, OpenCV","Kubernetes, Problem Solving, Communication",Bethlehem,3 months,1038,2026-01-13,False
INT0056,ASAL Technologies,Python Developer Intern,Software Engineering,"Join ASAL Technologies as a Python Developer Intern in Bethlehem. Work with OpenCV, TensorFlow, Kubernetes, Python technologies on real-world projects in Software Engineering.","OpenCV, TensorFlow, Kubernetes","Python, Problem Solving, Communication",Bethlehem,3 months,1398,2026-01-01,True
INT0057,ASAL Technologies,Backend Engineering Intern,Software Engineering,"Join ASAL Technologies as a Backend Engineering Intern in Ramallah. Work with NLTK, Kubernetes, Python, TensorFlow technologies on real-world projects in Software Engineering.","NLTK, Kubernetes, Python","TensorFlow, Problem Solving, Communication",Ramallah,6 months,1935,2026-02-14,False
INT0058,ASAL Technologies,NLP Engineering Intern,Artificial Intelligence,"Join ASAL Technologies as a NLP Engineering Intern in Ramallah. Work with Python, OpenCV, Kubernetes, Spark technologies on real-world projects in Artificial Intelligence.","Python, OpenCV, Kubernetes","Spark, Problem Solving, Communication",Ramallah,6 months,729,2025-12-16,False
INT0059,ASAL Technologies,Machine Learning Intern,Artificial Intelligence,"Join ASAL Technologies as a Machine Learning Intern in Ramallah. Work with Kubernetes, Spark, NLTK, PyTorch technologies on real-world projects in Artificial Intelligence.","Kubernetes, Spark, NLTK","PyTorch, Problem Solving, Communication",Ramallah,3 months,810,2026-02-19,False
INT0060,ASAL Technologies,Data Science Intern,Data Science,"Join ASAL Technologies as a Data Science Intern in Ramallah. Work with Python, NLTK, Kubernetes, PyTorch technologies on real-world projects in Data Science.","Python, NLTK, Kubernetes","PyTorch, Problem Solving, Communication",Ramallah,4 months,1325,2026-01-12,False
INT0061,Exalt Technologies,Digital Forensics Intern,Cybersecurity,"Join Exalt Technologies as a Digital Forensics Intern in Ramallah. Work with Wireshark, Metasploit, Kali Linux, SIEM technologies on real-world projects in Cybersecurity.","Wireshark, Metasploit, Kali Linux","SIEM, Problem Solving, Communication",Ramallah,3 months,1462,2026-02-09,True
INT0062,Exalt Technologies,Java Developer Intern,Software Engineering,"Join Exalt Technologies as a Java Developer Intern in Jerusalem. Work with Firewall, Kali Linux, Python, SIEM technologies on real-world projects in Software Engineering.","Firewall, Kali Linux, Python","SIEM, Problem Solving, Communication",Jerusalem,6 months,808,2026-02-12,False
INT0063,Exalt Technologies,Cloud Infrastructure Intern,Cloud Computing,"Join Exalt Technologies as a Cloud Infrastructure Intern in Jerusalem. Work with Encryption, Firewall, Wireshark, SIEM technologies on real-world projects in Cloud Computing.","Encryption, Firewall, Wireshark","SIEM, Problem Solving, Communication",Jerusalem,4 months,1608,2025-12-12,False
INT0064,Exalt Technologies,Full Stack Developer Intern,Software Engineering,"Join Exalt Technologies as a Full Stack Developer Intern in Ramallah. Work with Wireshark, SIEM, Kali Linux, Python technologies on real-world projects in Software Engineering.","Wireshark, SIEM, Kali Linux","Python, Problem Solving, Communication",Ramallah,3 months,1888,2025-12-03,True
INT0065,Exalt Technologies,Web Services Intern,Software Engineering,"Join Exalt Technologies as a Web Services Intern in Jerusalem. Work with Kali Linux, SIEM, Wireshark, Encryption technologies on real-world projects in Software Engineering.","Kali Linux, SIEM, Wireshark","Encryption, Problem Solving, Communication",Jerusalem,4 months,1988,2026-02-25,True
INT0066,Exalt Technologies,Cloud Engineering Intern,Cloud Computing,"Join Exalt Technologies as a Cloud Engineering Intern in Bethlehem. Work with Python, SIEM, Wireshark, Encryption technologies on real-world projects in Cloud Computing.","Python, SIEM, Wireshark","Encryption, Problem Solving, Communication",Bethlehem,3 months,1746,2026-02-02,True
INT0067,Exalt Technologies,Cloud DevOps Intern,Cloud Computing,"Join Exalt Technologies as a Cloud DevOps Intern in Ramallah. Work with Firewall, SIEM, Encryption, Kali Linux technologies on real-world projects in Cloud Computing.","Firewall, SIEM, Encryption","Kali Linux, Problem Solving, Communication",Ramallah,3 months,1891,2026-01-08,False
INT0068,Exalt Technologies,Vulnerability Assessment Intern,Cybersecurity,"Join Exalt Technologies as a Vulnerability Assessment Intern in Bethlehem. Work with Metasploit, Encryption, Firewall, Kali Linux technologies on real-world projects in Cybersecurity.","Metasploit, Encryption, Firewall","Kali Linux, Problem Solving, Communication",Bethlehem,3 months,1282,2026-01-21,False
INT0069,Exalt Technologies,AWS Intern,Cloud Computing,"Join Exalt Technologies as a AWS Intern in Ramallah. Work with Metasploit, Kali Linux, Encryption, SIEM technologies on real-world projects in Cloud Computing.","Metasploit, Kali Linux, Encryption","SIEM, Problem Solving, Communication",Ramallah,3 months,708,2025-12-06,False
INT0070,Exalt Technologies,Cloud DevOps Intern,Cloud Computing,"Join Exalt Technologies as a Cloud DevOps Intern in Jerusalem. Work with SIEM, Wireshark, Metasploit, Kali Linux technologies on real-world projects in Cloud Computing.","SIEM, Wireshark, Metasploit","Kali Linux, Problem Solving, Communication",Jerusalem,4 months,1868,2025-11-29,True
INT0071,Exalt Technologies,AWS Intern,Cloud Computing,"Join Exalt Technologies as a AWS Intern in Bethlehem. Work with Wireshark, Metasploit, Firewall, SIEM technologies on real-world projects in Cloud Computing.","Wireshark, Metasploit, Firewall","SIEM, Problem Solving, Communication",Bethlehem,4 months,1111,2026-02-21,False
INT0072,Exalt Technologies,Cloud Engineering Intern,Cloud Computing,"Join Exalt Technologies as a Cloud Engineering Intern in Bethlehem. Work with Firewall, Kali Linux, Metasploit, Python technologies on real-world projects in Cloud Computing.","Firewall, Kali Linux, Metasploit","Python, Problem Solving, Communication",Bethlehem,3 months,1976,2026-02-15,False
INT0073,Exalt Technologies,Software Development Intern,Software Engineering,"Join Exalt Technologies as a Software Development Intern in Bethlehem. Work with Firewall, Wireshark, Metasploit, Kali Linux technologies on real-world projects in Software Engineering.","Firewall, Wireshark, Metasploit","Kali Linux, Problem Solving, Communication",Bethlehem,3 months,1981,2025-12-07,True
INT0074,Exalt Technologies,Network Security Intern,Cybersecurity,"Join Exalt Technologies as a Network Security Intern in Bethlehem. Work with Metasploit, Firewall, Kali Linux, Wireshark technologies on real-world projects in Cybersecurity.","Metasploit, Firewall, Kali Linux","Wireshark, Problem Solving, Communication",Bethlehem,6 months,1933,2026-01-19,False
INT0075,Exalt Technologies,Security Operations Intern,Cybersecurity,"Join Exalt Technologies as a Security Operations Intern in Jerusalem. Work with Python, Encryption, Metasploit, SIEM technologies on real-world projects in Cybersecurity.","Python, Encryption, Metasploit","SIEM, Problem Solving, Communication",Jerusalem,3 months,1980,2025-11-28,False
INT0076,Exalt Technologies,Security Operations Intern,Cybersecurity,"Join Exalt Technologies as a Security Operations Intern in Ramallah. Work with Metasploit, SIEM, Wireshark, Firewall technologies on real-world projects in Cybersecurity.","Metasploit, SIEM, Wireshark","Firewall, Problem Solving, Communication",Ramallah,6 months,1876,2025-11-30,False
INT0077,Exalt Technologies,Full Stack Developer Intern,Software Engineering,"Join Exalt Technologies as a Full Stack Developer Intern in Ramallah. Work with SIEM, Python, Encryption, Firewall technologies on real-world projects in Software Engineering.","SIEM, Python, Encryption","Firewall, Problem Solving, Communication",Ramallah,3 months,871,2025-12-31,True
INT0078,Exalt Technologies,Ethical Hacking Intern,Cybersecurity,"Join Exalt Technologies as a Ethical Hacking Intern in Ramallah. Work with Python, Wireshark, Encryption, SIEM technologies on real-world projects in Cybersecurity.","Python, Wireshark, Encryption","SIEM, Problem Solving, Communication",Ramallah,6 months,1043,2026-02-01,True
INT0079,Exalt Technologies,Digital Forensics Intern,Cybersecurity,"Join Exalt Technologies as a Digital Forensics Intern in Ramallah. Work with Kali Linux, SIEM, Wireshark, Firewall technologies on real-world projects in Cybersecurity.","Kali Linux, SIEM, Wireshark","Firewall, Problem Solving, Communication",Ramallah,3 months,1101,2026-01-31,True
INT0080,Exalt Technologies,AWS Intern,Cloud Computing,"Join Exalt Technologies as a AWS Intern in Jerusalem. Work with Wireshark, Metasploit, Kali Linux, Python technologies on real-world projects in Cloud Computing.","Wireshark, Metasploit, Kali Linux","Python, Problem Solving, Communication",Jerusalem,3 months,1395,2026-01-08,False
INT0081,Arab American University,Research Assistant Intern,Research,"Join Arab American University as a Research Assistant Intern in Jenin. Work with Research Methods, Python, Latex, R technologies on real-world projects in Research.","Research Methods, Python, Latex","R, Problem Solving, Communication",Jenin,6 months,868,2025-12-27,False
INT0082,Arab American University,Business Intelligence Intern,Data Science,"Join Arab American University as a Business Intelligence Intern in Jenin. Work with Latex, Statistical Analysis, Python, MATLAB technologies on real-world projects in Data Science.","Latex, Statistical Analysis, Python","MATLAB, Problem Solving, Communication",Jenin,3 months,1953,2026-02-02,True
INT0083,Arab American University,Java Developer Intern,Software Engineering,"Join Arab American University as a Java Developer Intern in Jenin. Work with R, MATLAB, Statistical Analysis, Research Methods technologies on real-world projects in Software Engineering.","R, MATLAB, Statistical Analysis","Research Methods, Problem Solving, Communication",Jenin,4 months,1991,2026-02-22,True
INT0084,Arab American University,NLP Engineering Intern,Artificial Intelligence,"Join Arab American University as a NLP Engineering Intern in Jenin. Work with Research Methods, MATLAB, Python, R technologies on real-world projects in Artificial Intelligence.","Research Methods, MATLAB, Python","R, Problem Solving, Communication",Jenin,4 months,940,2026-01-13,True
INT0085,Arab American University,Software Development Intern,Software Engineering,"Join Arab American University as a Software Development Intern in Jenin. Work with Research Methods, Latex, Python, MATLAB technologies on real-world projects in Software Engineering.","Research Methods, Latex, Python","MATLAB, Problem Solving, Communication",Jenin,6 months,1898,2025-12-11,False
INT0086,Arab American University,Data Analytics Intern,Data Science,"Join Arab American University as a Data Analytics Intern in Jenin. Work with Statistical Analysis, Python, MATLAB, Latex technologies on real-world projects in Data Science.","Statistical Analysis, Python, MATLAB","Latex, Problem Solving, Communication",Jenin,6 months,770,2026-01-02,False
INT0087,Arab American University,Data Science Intern,Artificial Intelligence,"Join Arab American University as a Data Science Intern in Jenin. Work with MATLAB, Latex, Python, Research Methods technologies on real-world projects in Artificial Intelligence.","MATLAB, Latex, Python","Research Methods, Problem Solving, Communication",Jenin,3 months,1031,2026-02-16,True
INT0088,Arab American University,Full Stack Developer Intern,Software Engineering,"Join Arab American University as a Full Stack Developer Intern in Jenin. Work with Research Methods, R, Python, MATLAB technologies on real-world projects in Software Engineering.","Research Methods, R, Python","MATLAB, Problem Solving, Communication",Jenin,4 months,1483,2026-01-05,True
INT0089,Arab American University,Machine Learning Intern,Data Science,"Join Arab American University as a Machine Learning Intern in Jenin. Work with Statistical Analysis, Python, Latex, Research Methods technologies on real-world projects in Data Science.","Statistical Analysis, Python, Latex","Research Methods, Problem Solving, Communication",Jenin,3 months,931,2026-02-18,True
INT0090,Arab American University,Python Developer Intern,Software Engineering,"Join Arab American University as a Python Developer Intern in Jenin. Work with Statistical Analysis, Research Methods, MATLAB, R technologies on real-world projects in Software Engineering.","Statistical Analysis, Research Methods, MATLAB","R, Problem Solving, Communication",Jenin,4 months,1065,2026-01-26,False
INT0091,Arab American University,AI Research Intern,Artificial Intelligence,"Join Arab American University as a AI Research Intern in Jenin. Work with Statistical Analysis, MATLAB, Latex, Python technologies on real-world projects in Artificial Intelligence.","Statistical Analysis, MATLAB, Latex","Python, Problem Solving, Communication",Jenin,4 months,880,2026-01-24,True
INT0092,Arab American University,Publication Assistant Intern,Research,"Join Arab American University as a Publication Assistant Intern in Jenin. Work with MATLAB, Python, R, Statistical Analysis technologies on real-world projects in Research.","MATLAB, Python, R","Statistical Analysis, Problem Solving, Communication",Jenin,4 months,1106,2025-12-07,True
INT0093,Arab American University,Data Analytics Intern,Data Science,"Join Arab American University as a Data Analytics Intern in Jenin. Work with MATLAB, Statistical Analysis, Python, Research Methods technologies on real-world projects in Data Science.","MATLAB, Statistical Analysis, Python","Research Methods, Problem Solving, Communication",Jenin,6 months,1018,2026-02-19,True
INT0094,Arab American University,Data Analysis Intern,Research,"Join Arab American University as a Data Analysis Intern in Jenin. Work with Latex, MATLAB, R, Research Methods technologies on real-world projects in Research.","Latex, MATLAB, R","Research Methods, Problem Solving, Communication",Jenin,6 months,810,2026-02-10,False
INT0095,Arab American University,Machine Learning Intern,Data Science,"Join Arab American University as a Machine Learning Intern in Jenin. Work with R, Latex, Python, MATLAB technologies on real-world projects in Data Science.","R, Latex, Python","MATLAB, Problem Solving, Communication",Jenin,4 months,784,2026-02-12,True
INT0096,Arab American University,AI Research Intern,Artificial Intelligence,"Join Arab American University as a AI Research Intern in Jenin. Work with Research Methods, Latex, Statistical Analysis, R technologies on real-world projects in Artificial Intelligence.","Research Methods, Latex, Statistical Analysis","R, Problem Solving, Communication",Jenin,6 months,1678,2025-12-17,True
INT0097,Arab American University,Software Development Intern,Software Engineering,"Join Arab American University as a Software Development Intern in Jenin. Work with Python, Statistical Analysis, Research Methods, MATLAB technologies on real-world projects in Software Engineering.","Python, Statistical Analysis, Research Methods","MATLAB, Problem Solving, Communication",Jenin,3 months,1743,2025-12-14,False
INT0098,Arab American University,AI Research Intern,Artificial Intelligence,"Join Arab American University as a AI Research Intern in Jenin. Work with MATLAB, Python, Latex, Research Methods technologies on real-world projects in Artificial Intelligence.","MATLAB, Python, Latex","Research Methods, Problem Solving, Communication",Jenin,4 months,1642,2025-12-08,False
INT0099,Arab American University,Research Methodology Intern,Research,"Join Arab American University as a Research Methodology Intern in Jenin. Work with Python, Research Methods, Statistical Analysis, R technologies on real-world projects in Research.","Python, Research Methods, Statistical Analysis","R, Problem Solving, Communication",Jenin,4 months,1356,2025-12-12,False
INT0100,Arab American University,Python Developer Intern,Software Engineering,"Join Arab American University as a Python Developer Intern in Jenin. Work with Latex, Research Methods, R, MATLAB technologies on real-world projects in Software Engineering.","Latex, Research Methods, R","MATLAB, Problem Solving, Communication",Jenin,4 months,1347,2026-02-12,True
INT0101,Nafith Logistics,Business Analytics Intern,Business Intelligence,"Join Nafith Logistics as a Business Analytics Intern in Hebron. Work with SQL, Scikit-learn, Optimization Algorithms, Tableau technologies on real-world projects in Business Intelligence.","SQL, Scikit-learn, Optimization Algorithms","Tableau, Problem Solving, Communication",Hebron,4 months,955,2026-01-03,True
INT0102,Nafith Logistics,Data Visualization Intern,Business Intelligence,"Join Nafith Logistics as a Data Visualization Intern in Gaza. Work with Python, SQL, Scikit-learn, Pandas technologies on real-world projects in Business Intelligence.","Python, SQL, Scikit-learn","Pandas, Problem Solving, Communication",Gaza,6 months,930,2026-01-14,False
INT0103,Nafith Logistics,Java Developer Intern,Software Engineering,"Join Nafith Logistics as a Java Developer Intern in Gaza. Work with Optimization Algorithms, Scikit-learn, Python, Tableau technologies on real-world projects in Software Engineering.","Optimization Algorithms, Scikit-learn, Python","Tableau, Problem Solving, Communication",Gaza,3 months,1032,2026-01-08,False
INT0104,Nafith Logistics,Data Science Intern,Data Science,"Join Nafith Logistics as a Data Science Intern in Hebron. Work with SQL, Optimization Algorithms, Pandas, Python technologies on real-world projects in Data Science.","SQL, Optimization Algorithms, Pandas","Python, Problem Solving, Communication",Hebron,3 months,1064,2026-02-03,True
INT0105,Nafith Logistics,Python Developer Intern,Software Engineering,"Join Nafith Logistics as a Python Developer Intern in Gaza. Work with Python, Tableau, Pandas, Scikit-learn technologies on real-world projects in Software Engineering.","Python, Tableau, Pandas","Scikit-learn, Problem Solving, Communication",Gaza,4 months,1421,2026-01-22,True
INT0106,Nafith Logistics,Data Visualization Intern,Business Intelligence,"Join Nafith Logistics as a Data Visualization Intern in Gaza. Work with Optimization Algorithms, Tableau, SQL, Pandas technologies on real-world projects in Business Intelligence.","Optimization Algorithms, Tableau, SQL","Pandas, Problem Solving, Communication",Gaza,4 months,1953,2026-01-25,False
INT0107,Nafith Logistics,Full Stack Developer Intern,Software Engineering,"Join Nafith Logistics as a Full Stack Developer Intern in Hebron. Work with Optimization Algorithms, Scikit-learn, SQL, Pandas technologies on real-world projects in Software Engineering.","Optimization Algorithms, Scikit-learn, SQL","Pandas, Problem Solving, Communication",Hebron,4 months,1548,2025-12-28,False
INT0108,Nafith Logistics,Statistical Analysis Intern,Data Science,"Join Nafith Logistics as a Statistical Analysis Intern in Ramallah. Work with Pandas, Optimization Algorithms, SQL, Python technologies on real-world projects in Data Science.","Pandas, Optimization Algorithms, SQL","Python, Problem Solving, Communication",Ramallah,4 months,1968,2026-02-12,True
INT0109,Nafith Logistics,Python Developer Intern,Software Engineering,"Join Nafith Logistics as a Python Developer Intern in Gaza. Work with Python, Scikit-learn, Optimization Algorithms, Tableau technologies on real-world projects in Software Engineering.","Python, Scikit-learn, Optimization Algorithms","Tableau, Problem Solving, Communication",Gaza,3 months,1336,2025-12-05,True
INT0110,Nafith Logistics,Full Stack Developer Intern,Software Engineering,"Join Nafith Logistics as a Full Stack Developer Intern in Hebron. Work with Optimization Algorithms, Python, SQL, Tableau technologies on real-world projects in Software Engineering.","Optimization Algorithms, Python, SQL","Tableau, Problem Solving, Communication",Hebron,6 months,861,2025-12-20,True
INT0111,Nafith Logistics,Business Intelligence Intern,Data Science,"Join Nafith Logistics as a Business Intelligence Intern in Hebron. Work with Optimization Algorithms, Pandas, SQL, Python technologies on real-world projects in Data Science.","Optimization Algorithms, Pandas, SQL","Python, Problem Solving, Communication",Hebron,3 months,839,2026-02-07,True
INT0112,Nafith Logistics,Node.js Developer Intern,Web Development,"Join Nafith Logistics as a Node.js Developer Intern in Hebron. Work with Scikit-learn, Tableau, Pandas, Python technologies on real-world projects in Web Development.","Scikit-learn, Tableau, Pandas","Python, Problem Solving, Communication",Hebron,6 months,1586,2026-01-27,False
INT0113,Nafith Logistics,Backend Developer Intern,Web Development,"Join Nafith Logistics as a Backend Developer Intern in Hebron. Work with SQL, Optimization Algorithms, Scikit-learn, Pandas technologies on real-world projects in Web Development.","SQL, Optimization Algorithms, Scikit-learn","Pandas, Problem Solving, Communication",Hebron,6 months,1100,2026-02-23,False
INT0114,Nafith Logistics,Data Visualization Intern,Business Intelligence,"Join Nafith Logistics as a Data Visualization Intern in Hebron. Work with Optimization Algorithms, Scikit-learn, Python, Pandas technologies on real-world projects in Business Intelligence.","Optimization Algorithms, Scikit-learn, Python","Pandas, Problem Solving, Communication",Hebron,6 months,1289,2026-02-06,False
INT0115,Nafith Logistics,Web Application Intern,Web Development,"Join Nafith Logistics as a Web Application Intern in Ramallah. Work with Pandas, Optimization Algorithms, Scikit-learn, SQL technologies on real-world projects in Web Development.","Pandas, Optimization Algorithms, Scikit-learn","SQL, Problem Solving, Communication",Ramallah,6 months,1455,2026-01-23,True
INT0116,Nafith Logistics,Software Development Intern,Software Engineering,"Join Nafith Logistics as a Software Development Intern in Hebron. Work with Tableau, Pandas, SQL, Python technologies on real-world projects in Software Engineering.","Tableau, Pandas, SQL","Python, Problem Solving, Communication",Hebron,6 months,723,2026-01-01,True
INT0117,Nafith Logistics,Reporting Analyst Intern,Business Intelligence,"Join Nafith Logistics as a Reporting Analyst Intern in Hebron. Work with Scikit-learn, Tableau, Pandas, Python technologies on real-world projects in Business Intelligence.","Scikit-learn, Tableau, Pandas","Python, Problem Solving, Communication",Hebron,4 months,1262,2025-12-19,False
INT0118,Nafith Logistics,Web Application Intern,Web Development,"Join Nafith Logistics as a Web Application Intern in Gaza. Work with Python, Optimization Algorithms, SQL, Tableau technologies on real-world projects in Web Development.","Python, Optimization Algorithms, SQL","Tableau, Problem Solving, Communication",Gaza,4 months,1647,2026-01-18,True
INT0119,Nafith Logistics,Full Stack Developer Intern,Software Engineering,"Join Nafith Logistics as a Full Stack Developer Intern in Gaza. Work with SQL, Scikit-learn, Pandas, Optimization Algorithms technologies on real-world projects in Software Engineering.","SQL, Scikit-learn, Pandas","Optimization Algorithms, Problem Solving, Communication",Gaza,6 months,1543,2026-02-04,True
INT0120,Nafith Logistics,Node.js Developer Intern,Web Development,"Join Nafith Logistics as a Node.js Developer Intern in Hebron. Work with Tableau, Pandas, Scikit-learn, Python technologies on real-world projects in Web Development.","Tableau, Pandas, Scikit-learn","Python, Problem Solving, Communication",Hebron,6 months,1590,2025-12-13,False
INT0121,Palestine Islamic Bank,Payment Systems Intern,FinTech,"Join Palestine Islamic Bank as a Payment Systems Intern in Gaza. Work with Java, MongoDB, Node.js, React technologies on real-world projects in FinTech.","Java, MongoDB, Node.js","React, Problem Solving, Communication",Gaza,4 months,1288,2026-02-02,False
INT0122,Palestine Islamic Bank,React Native Intern,Mobile Development,"Join Palestine Islamic Bank as a React Native Intern in Ramallah. Work with React, Flutter, MongoDB, Java technologies on real-world projects in Mobile Development.","React, Flutter, MongoDB","Java, Problem Solving, Communication",Ramallah,3 months,1516,2026-02-18,True
INT0123,Palestine Islamic Bank,Blockchain Development Intern,FinTech,"Join Palestine Islamic Bank as a Blockchain Development Intern in Gaza. Work with Java, React, Flutter, Swift technologies on real-world projects in FinTech.","Java, React, Flutter","Swift, Problem Solving, Communication",Gaza,3 months,1082,2025-12-04,True
INT0124,Palestine Islamic Bank,Visual Design Intern,UI/UX Design,"Join Palestine Islamic Bank as a Visual Design Intern in Ramallah. Work with MongoDB, Swift, Flutter, Kotlin technologies on real-world projects in UI/UX Design.","MongoDB, Swift, Flutter","Kotlin, Problem Solving, Communication",Ramallah,6 months,761,2025-12-16,False
INT0125,Palestine Islamic Bank,Backend Developer Intern,Web Development,"Join Palestine Islamic Bank as a Backend Developer Intern in Hebron. Work with Java, Kotlin, Node.js, Swift technologies on real-world projects in Web Development.","Java, Kotlin, Node.js","Swift, Problem Solving, Communication",Hebron,3 months,809,2026-01-05,True
INT0126,Palestine Islamic Bank,Node.js Developer Intern,Web Development,"Join Palestine Islamic Bank as a Node.js Developer Intern in Nablus. Work with Swift, React, MongoDB, Flutter technologies on real-world projects in Web Development.","Swift, React, MongoDB","Flutter, Problem Solving, Communication",Nablus,4 months,1369,2026-02-18,True
INT0127,Palestine Islamic Bank,React Native Intern,Mobile Development,"Join Palestine Islamic Bank as a React Native Intern in Nablus. Work with Swift, Node.js, MongoDB, Flutter technologies on real-world projects in Mobile Development.","Swift, Node.js, MongoDB","Flutter, Problem Solving, Communication",Nablus,4 months,1302,2025-11-28,True
INT0128,Palestine Islamic Bank,Blockchain Development Intern,FinTech,"Join Palestine Islamic Bank as a Blockchain Development Intern in Nablus. Work with Swift, React, Java, MongoDB technologies on real-world projects in FinTech.","Swift, React, Java","MongoDB, Problem Solving, Communication",Nablus,6 months,751,2025-12-08,True
INT0129,Palestine Islamic Bank,UI/UX Design Intern,UI/UX Design,"Join Palestine Islamic Bank as a UI/UX Design Intern in Hebron. Work with Java, React, MongoDB, Flutter technologies on real-world projects in UI/UX Design.","Java, React, MongoDB","Flutter, Problem Solving, Communication",Hebron,4 months,1469,2025-11-28,True
INT0130,Palestine Islamic Bank,Risk Analysis Intern,FinTech,"Join Palestine Islamic Bank as a Risk Analysis Intern in Gaza. Work with MongoDB, React, Flutter, Swift technologies on real-world projects in FinTech.","MongoDB, React, Flutter","Swift, Problem Solving, Communication",Gaza,3 months,807,2025-12-18,True
INT0131,Palestine Islamic Bank,User Research Intern,UI/UX Design,"Join Palestine Islamic Bank as a User Research Intern in Nablus. Work with Flutter, React, Swift, MongoDB technologies on real-world projects in UI/UX Design.","Flutter, React, Swift","MongoDB, Problem Solving, Communication",Nablus,3 months,1776,2025-12-03,False
INT0132,Palestine Islamic Bank,Blockchain Development Intern,FinTech,"Join Palestine Islamic Bank as a Blockchain Development Intern in Gaza. Work with Kotlin, MongoDB, Flutter, Swift technologies on real-world projects in FinTech.","Kotlin, MongoDB, Flutter","Swift, Problem Solving, Communication",Gaza,4 months,1959,2026-02-25,False
INT0133,Palestine Islamic Bank,Web Application Intern,Web Development,"Join Palestine Islamic Bank as a Web Application Intern in Ramallah. Work with MongoDB, Node.js, Kotlin, Flutter technologies on real-world projects in Web Development.","MongoDB, Node.js, Kotlin","Flutter, Problem Solving, Communication",Ramallah,3 months,1508,2025-12-19,True
INT0134,Palestine Islamic Bank,React Developer Intern,Web Development,"Join Palestine Islamic Bank as a React Developer Intern in Gaza. Work with Swift, Node.js, MongoDB, React technologies on real-world projects in Web Development.","Swift, Node.js, MongoDB","React, Problem Solving, Communication",Gaza,3 months,1765,2026-01-07,False
INT0135,Palestine Islamic Bank,User Research Intern,UI/UX Design,"Join Palestine Islamic Bank as a User Research Intern in Hebron. Work with Node.js, Kotlin, Java, Swift technologies on real-world projects in UI/UX Design.","Node.js, Kotlin, Java","Swift, Problem Solving, Communication",Hebron,6 months,1731,2026-02-09,False
INT0136,Palestine Islamic Bank,Blockchain Development Intern,FinTech,"Join Palestine Islamic Bank as a Blockchain Development Intern in Ramallah. Work with Node.js, Kotlin, Java, MongoDB technologies on real-world projects in FinTech.","Node.js, Kotlin, Java","MongoDB, Problem Solving, Communication",Ramallah,6 months,1867,2026-01-10,False
INT0137,Palestine Islamic Bank,Risk Analysis Intern,FinTech,"Join Palestine Islamic Bank as a Risk Analysis Intern in Nablus. Work with Kotlin, React, MongoDB, Swift technologies on real-world projects in FinTech.","Kotlin, React, MongoDB","Swift, Problem Solving, Communication",Nablus,3 months,985,2026-01-10,True
INT0138,Palestine Islamic Bank,Visual Design Intern,UI/UX Design,"Join Palestine Islamic Bank as a Visual Design Intern in Gaza. Work with Flutter, Java, Swift, Node.js technologies on real-world projects in UI/UX Design.","Flutter, Java, Swift","Node.js, Problem Solving, Communication",Gaza,3 months,713,2026-01-22,False
INT0139,Palestine Islamic Bank,Visual Design Intern,UI/UX Design,"Join Palestine Islamic Bank as a Visual Design Intern in Hebron. Work with Java, Swift, Flutter, Node.js technologies on real-world projects in UI/UX Design.","Java, Swift, Flutter","Node.js, Problem Solving, Communication",Hebron,3 months,1954,2026-01-22,True
INT0140,Palestine Islamic Bank,Blockchain Development Intern,FinTech,"Join Palestine Islamic Bank as a Blockchain Development Intern in Ramallah. Work with Swift, Java, MongoDB, Kotlin technologies on real-world projects in FinTech.","Swift, Java, MongoDB","Kotlin, Problem Solving, Communication",Ramallah,4 months,1332,2026-02-21,True
INT0141,Massar International,Java Developer Intern,Software Engineering,"Join Massar International as a Java Developer Intern in Gaza. Work with Vue.js, JavaScript, React, AWS technologies on real-world projects in Software Engineering.","Vue.js, JavaScript, React","AWS, Problem Solving, Communication",Gaza,6 months,930,2025-12-16,True
INT0142,Massar International,Cloud Engineering Intern,Cloud Computing,"Join Massar International as a Cloud Engineering Intern in Ramallah. Work with AWS, Vue.js, Docker, Node.js technologies on real-world projects in Cloud Computing.","AWS, Vue.js, Docker","Node.js, Problem Solving, Communication",Ramallah,6 months,1544,2026-01-31,False
INT0143,Massar International,AWS Intern,Cloud Computing,"Join Massar International as a AWS Intern in Gaza. Work with HTML/CSS, React, AWS, JavaScript technologies on real-world projects in Cloud Computing.","HTML/CSS, React, AWS","JavaScript, Problem Solving, Communication",Gaza,4 months,1450,2026-01-04,True
INT0144,Massar International,CI/CD Intern,DevOps,"Join Massar International as a CI/CD Intern in Ramallah. Work with HTML/CSS, Node.js, Docker, React technologies on real-world projects in DevOps.","HTML/CSS, Node.js, Docker","React, Problem Solving, Communication",Ramallah,4 months,1131,2026-02-12,False
INT0145,Massar International,Java Developer Intern,Software Engineering,"Join Massar International as a Java Developer Intern in Gaza. Work with Docker, AWS, Vue.js, JavaScript technologies on real-world projects in Software Engineering.","Docker, AWS, Vue.js","JavaScript, Problem Solving, Communication",Gaza,4 months,1376,2025-12-22,True
INT0146,Massar International,Java Developer Intern,Software Engineering,"Join Massar International as a Java Developer Intern in Gaza. Work with Docker, Vue.js, React, HTML/CSS technologies on real-world projects in Software Engineering.","Docker, Vue.js, React","HTML/CSS, Problem Solving, Communication",Gaza,4 months,1398,2026-01-04,True
INT0147,Massar International,Azure Intern,Cloud Computing,"Join Massar International as a Azure Intern in Gaza. Work with HTML/CSS, Docker, AWS, JavaScript technologies on real-world projects in Cloud Computing.","HTML/CSS, Docker, AWS","JavaScript, Problem Solving, Communication",Gaza,3 months,810,2026-01-08,False
INT0148,Massar International,React Developer Intern,Web Development,"Join Massar International as a React Developer Intern in Ramallah. Work with JavaScript, React, Node.js, HTML/CSS technologies on real-world projects in Web Development.","JavaScript, React, Node.js","HTML/CSS, Problem Solving, Communication",Ramallah,4 months,734,2026-01-08,False
INT0149,Massar International,Node.js Developer Intern,Web Development,"Join Massar International as a Node.js Developer Intern in Gaza. Work with Docker, React, HTML/CSS, AWS technologies on real-world projects in Web Development.","Docker, React, HTML/CSS","AWS, Problem Solving, Communication",Gaza,4 months,1548,2026-01-12,True
INT0150,Massar International,Cloud Infrastructure Intern,Cloud Computing,"Join Massar International as a Cloud Infrastructure Intern in Gaza. Work with Node.js, JavaScript, Vue.js, Docker technologies on real-world projects in Cloud Computing.","Node.js, JavaScript, Vue.js","Docker, Problem Solving, Communication",Gaza,4 months,767,2025-12-02,False
INT0151,Massar International,Azure Intern,Cloud Computing,"Join Massar International as a Azure Intern in Ramallah. Work with AWS, Vue.js, React, Docker technologies on real-world projects in Cloud Computing.","AWS, Vue.js, React","Docker, Problem Solving, Communication",Ramallah,6 months,1327,2025-12-19,False
INT0152,Massar International,Automation Engineering Intern,DevOps,"Join Massar International as a Automation Engineering Intern in Gaza. Work with JavaScript, AWS, HTML/CSS, Node.js technologies on real-world projects in DevOps.","JavaScript, AWS, HTML/CSS","Node.js, Problem Solving, Communication",Gaza,4 months,1109,2026-02-10,False
INT0153,Massar International,AWS Intern,Cloud Computing,"Join Massar International as a AWS Intern in Ramallah. Work with HTML/CSS, JavaScript, Vue.js, Node.js technologies on real-world projects in Cloud Computing.","HTML/CSS, JavaScript, Vue.js","Node.js, Problem Solving, Communication",Ramallah,3 months,1908,2026-02-13,True
INT0154,Massar International,Full Stack Developer Intern,Web Development,"Join Massar International as a Full Stack Developer Intern in Gaza. Work with Docker, HTML/CSS, Vue.js, JavaScript technologies on real-world projects in Web Development.","Docker, HTML/CSS, Vue.js","JavaScript, Problem Solving, Communication",Gaza,3 months,1006,2026-02-11,False
INT0155,Massar International,Web Application Intern,Web Development,"Join Massar International as a Web Application Intern in Gaza. Work with Node.js, Vue.js, AWS, JavaScript technologies on real-world projects in Web Development.","Node.js, Vue.js, AWS","JavaScript, Problem Solving, Communication",Gaza,3 months,1765,2025-12-19,True
INT0156,Massar International,Web Application Intern,Web Development,"Join Massar International as a Web Application Intern in Gaza. Work with Docker, Vue.js, AWS, HTML/CSS technologies on real-world projects in Web Development.","Docker, Vue.js, AWS","HTML/CSS, Problem Solving, Communication",Gaza,3 months,1974,2025-12-27,False
INT0157,Massar International,Automation Engineering Intern,DevOps,"Join Massar International as a Automation Engineering Intern in Ramallah. Work with AWS, HTML/CSS, React, JavaScript technologies on real-world projects in DevOps.","AWS, HTML/CSS, React","JavaScript, Problem Solving, Communication",Ramallah,3 months,759,2025-11-29,True
INT0158,Massar International,Site Reliability Intern,DevOps,"Join Massar International as a Site Reliability Intern in Ramallah. Work with React, Node.js, HTML/CSS, JavaScript technologies on real-world projects in DevOps.","React, Node.js, HTML/CSS","JavaScript, Problem Solving, Communication",Ramallah,4 months,1425,2025-11-30,True
INT0159,Massar International,Azure Intern,Cloud Computing,"Join Massar International as a Azure Intern in Gaza. Work with React, HTML/CSS, JavaScript, Vue.js technologies on real-world projects in Cloud Computing.","React, HTML/CSS, JavaScript","Vue.js, Problem Solving, Communication",Gaza,6 months,1833,2025-12-26,False
INT0160,Massar International,Backend Engineering Intern,Software Engineering,"Join Massar International as a Backend Engineering Intern in Gaza. Work with React, AWS, Node.js, Vue.js technologies on real-world projects in Software Engineering.","React, AWS, Node.js","Vue.js, Problem Solving, Communication",Gaza,4 months,1798,2026-01-21,False
INT0161,Palestine Polytechnic University,Full Stack Developer Intern,Software Engineering,"Join Palestine Polytechnic University as a Full Stack Developer Intern in Hebron. Work with IoT Protocols, Raspberry Pi, Arduino, Embedded Linux technologies on real-world projects in Software Engineering.","IoT Protocols, Raspberry Pi, Arduino","Embedded Linux, Problem Solving, Communication",Hebron,6 months,815,2026-01-31,True
INT0162,Palestine Polytechnic University,Firmware Development Intern,Embedded Systems,"Join Palestine Polytechnic University as a Firmware Development Intern in Hebron. Work with Raspberry Pi, PCB Design, C/C++, Embedded Linux technologies on real-world projects in Embedded Systems.","Raspberry Pi, PCB Design, C/C++","Embedded Linux, Problem Solving, Communication",Hebron,6 months,930,2026-02-06,True
INT0163,Palestine Polytechnic University,Java Developer Intern,Software Engineering,"Join Palestine Polytechnic University as a Java Developer Intern in Hebron. Work with PCB Design, Arduino, Embedded Linux, C/C++ technologies on real-world projects in Software Engineering.","PCB Design, Arduino, Embedded Linux","C/C++, Problem Solving, Communication",Hebron,4 months,1311,2025-12-01,True
INT0164,Palestine Polytechnic University,Robotics Intern,Embedded Systems,"Join Palestine Polytechnic University as a Robotics Intern in Hebron. Work with Raspberry Pi, IoT Protocols, Arduino, Embedded Linux technologies on real-world projects in Embedded Systems.","Raspberry Pi, IoT Protocols, Arduino","Embedded Linux, Problem Solving, Communication",Hebron,4 months,1970,2026-02-04,True
INT0165,Palestine Polytechnic University,Firmware Development Intern,Embedded Systems,"Join Palestine Polytechnic University as a Firmware Development Intern in Hebron. Work with Embedded Linux, Arduino, IoT Protocols, Raspberry Pi technologies on real-world projects in Embedded Systems.","Embedded Linux, Arduino, IoT Protocols","Raspberry Pi, Problem Solving, Communication",Hebron,3 months,1958,2026-01-09,False
INT0166,Palestine Polytechnic University,Software Development Intern,Software Engineering,"Join Palestine Polytechnic University as a Software Development Intern in Hebron. Work with Arduino, Raspberry Pi, C/C++, IoT Protocols technologies on real-world projects in Software Engineering.","Arduino, Raspberry Pi, C/C++","IoT Protocols, Problem Solving, Communication",Hebron,4 months,1171,2025-12-22,True
INT0167,Palestine Polytechnic University,Backend Engineering Intern,Software Engineering,"Join Palestine Polytechnic University as a Backend Engineering Intern in Hebron. Work with IoT Protocols, Raspberry Pi, Embedded Linux, Arduino technologies on real-world projects in Software Engineering.","IoT Protocols, Raspberry Pi, Embedded Linux","Arduino, Problem Solving, Communication",Hebron,4 months,1838,2026-02-06,True
INT0168,Palestine Polytechnic University,Research Methodology Intern,Research,"Join Palestine Polytechnic University as a Research Methodology Intern in Hebron. Work with Raspberry Pi, Embedded Linux, IoT Protocols, PCB Design technologies on real-world projects in Research.","Raspberry Pi, Embedded Linux, IoT Protocols","PCB Design, Problem Solving, Communication",Hebron,6 months,1622,2026-01-05,True
INT0169,Palestine Polytechnic University,AI Research Intern,Artificial Intelligence,"Join Palestine Polytechnic University as a AI Research Intern in Hebron. Work with Raspberry Pi, Embedded Linux, Arduino, IoT Protocols technologies on real-world projects in Artificial Intelligence.","Raspberry Pi, Embedded Linux, Arduino","IoT Protocols, Problem Solving, Communication",Hebron,6 months,1071,2026-01-14,False
INT0170,Palestine Polytechnic University,Electronics Design Intern,Embedded Systems,"Join Palestine Polytechnic University as a Electronics Design Intern in Hebron. Work with Raspberry Pi, C/C++, Embedded Linux, Arduino technologies on real-world projects in Embedded Systems.","Raspberry Pi, C/C++, Embedded Linux","Arduino, Problem Solving, Communication",Hebron,3 months,833,2026-02-10,True
INT0171,Palestine Polytechnic University,Python Developer Intern,Software Engineering,"Join Palestine Polytechnic University as a Python Developer Intern in Hebron. Work with PCB Design, Arduino, Embedded Linux, Raspberry Pi technologies on real-world projects in Software Engineering.","PCB Design, Arduino, Embedded Linux","Raspberry Pi, Problem Solving, Communication",Hebron,3 months,1896,2026-02-02,False
INT0172,Palestine Polytechnic University,AI Model Development Intern,Artificial Intelligence,"Join Palestine Polytechnic University as a AI Model Development Intern in Hebron. Work with Raspberry Pi, IoT Protocols, Embedded Linux, C/C++ technologies on real-world projects in Artificial Intelligence.","Raspberry Pi, IoT Protocols, Embedded Linux","C/C++, Problem Solving, Communication",Hebron,3 months,1422,2025-12-04,True
INT0173,Palestine Polytechnic University,Academic Research Intern,Research,"Join Palestine Polytechnic University as a Academic Research Intern in Hebron. Work with Arduino, Embedded Linux, IoT Protocols, Raspberry Pi technologies on real-world projects in Research.","Arduino, Embedded Linux, IoT Protocols","Raspberry Pi, Problem Solving, Communication",Hebron,6 months,799,2026-01-31,False
INT0174,Palestine Polytechnic University,NLP Engineering Intern,Artificial Intelligence,"Join Palestine Polytechnic University as a NLP Engineering Intern in Hebron. Work with Embedded Linux, IoT Protocols, Arduino, PCB Design technologies on real-world projects in Artificial Intelligence.","Embedded Linux, IoT Protocols, Arduino","PCB Design, Problem Solving, Communication",Hebron,6 months,1583,2025-12-04,False
INT0175,Palestine Polytechnic University,Electronics Design Intern,Embedded Systems,"Join Palestine Polytechnic University as a Electronics Design Intern in Hebron. Work with C/C++, PCB Design, Raspberry Pi, IoT Protocols technologies on real-world projects in Embedded Systems.","C/C++, PCB Design, Raspberry Pi","IoT Protocols, Problem Solving, Communication",Hebron,6 months,1287,2026-01-16,True
INT0176,Palestine Polytechnic University,Research Assistant Intern,Research,"Join Palestine Polytechnic University as a Research Assistant Intern in Hebron. Work with IoT Protocols, C/C++, Arduino, Raspberry Pi technologies on real-world projects in Research.","IoT Protocols, C/C++, Arduino","Raspberry Pi, Problem Solving, Communication",Hebron,3 months,1526,2026-02-01,False
INT0177,Palestine Polytechnic University,Python Developer Intern,Software Engineering,"Join Palestine Polytechnic University as a Python Developer Intern in Hebron. Work with C/C++, Raspberry Pi, Arduino, Embedded Linux technologies on real-world projects in Software Engineering.","C/C++, Raspberry Pi, Arduino","Embedded Linux, Problem Solving, Communication",Hebron,3 months,942,2025-12-09,False
INT0178,Palestine Polytechnic University,Full Stack Developer Intern,Software Engineering,"Join Palestine Polytechnic University as a Full Stack Developer Intern in Hebron. Work with PCB Design, Raspberry Pi, Arduino, C/C++ technologies on real-world projects in Software Engineering.","PCB Design, Raspberry Pi, Arduino","C/C++, Problem Solving, Communication",Hebron,6 months,1746,2026-01-08,False
INT0179,Palestine Polytechnic University,Firmware Development Intern,Embedded Systems,"Join Palestine Polytechnic University as a Firmware Development Intern in Hebron. Work with Arduino, Embedded Linux, Raspberry Pi, IoT Protocols technologies on real-world projects in Embedded Systems.","Arduino, Embedded Linux, Raspberry Pi","IoT Protocols, Problem Solving, Communication",Hebron,4 months,828,2025-12-16,True
INT0180,Palestine Polytechnic University,Backend Engineering Intern,Software Engineering,"Join Palestine Polytechnic University as a Backend Engineering Intern in Hebron. Work with IoT Protocols, C/C++, Raspberry Pi, PCB Design technologies on real-world projects in Software Engineering.","IoT Protocols, C/C++, Raspberry Pi","PCB Design, Problem Solving, Communication",Hebron,3 months,1961,2026-01-25,False
INT0181,Palestine Stock Exchange,BI Development Intern,Business Intelligence,"Join Palestine Stock Exchange as a BI Development Intern in Nablus. Work with Power BI, Excel, Financial Modeling, SQL technologies on real-world projects in Business Intelligence.","Power BI, Excel, Financial Modeling","SQL, Problem Solving, Communication",Nablus,4 months,1237,2026-01-03,False
INT0182,Palestine Stock Exchange,Payment Systems Intern,FinTech,"Join Palestine Stock Exchange as a Payment Systems Intern in Nablus. Work with Financial Modeling, Power BI, Tableau, SQL technologies on real-world projects in FinTech.","Financial Modeling, Power BI, Tableau","SQL, Problem Solving, Communication",Nablus,6 months,983,2026-01-24,False
INT0183,Palestine Stock Exchange,Financial Analytics Intern,FinTech,"Join Palestine Stock Exchange as a Financial Analytics Intern in Nablus. Work with Tableau, Financial Modeling, Excel, Power BI technologies on real-world projects in FinTech.","Tableau, Financial Modeling, Excel","Power BI, Problem Solving, Communication",Nablus,6 months,975,2026-02-03,True
INT0184,Palestine Stock Exchange,Digital Banking Intern,FinTech,"Join Palestine Stock Exchange as a Digital Banking Intern in Ramallah. Work with Power BI, Python, Tableau, Excel technologies on real-world projects in FinTech.","Power BI, Python, Tableau","Excel, Problem Solving, Communication",Ramallah,4 months,1261,2026-01-24,False
INT0185,Palestine Stock Exchange,Full Stack Developer Intern,Software Engineering,"Join Palestine Stock Exchange as a Full Stack Developer Intern in Ramallah. Work with Excel, Tableau, SQL, Power BI technologies on real-world projects in Software Engineering.","Excel, Tableau, SQL","Power BI, Problem Solving, Communication",Ramallah,4 months,1552,2026-01-28,True
INT0186,Palestine Stock Exchange,Digital Banking Intern,FinTech,"Join Palestine Stock Exchange as a Digital Banking Intern in Ramallah. Work with Excel, Power BI, Financial Modeling, Tableau technologies on real-world projects in FinTech.","Excel, Power BI, Financial Modeling","Tableau, Problem Solving, Communication",Ramallah,6 months,730,2026-01-21,True
INT0187,Palestine Stock Exchange,Software Development Intern,Software Engineering,"Join Palestine Stock Exchange as a Software Development Intern in Nablus. Work with Power BI, SQL, Excel, Financial Modeling technologies on real-world projects in Software Engineering.","Power BI, SQL, Excel","Financial Modeling, Problem Solving, Communication",Nablus,6 months,1493,2025-12-17,True
INT0188,Palestine Stock Exchange,Business Analytics Intern,Business Intelligence,"Join Palestine Stock Exchange as a Business Analytics Intern in Ramallah. Work with Excel, SQL, Python, Power BI technologies on real-world projects in Business Intelligence.","Excel, SQL, Python","Power BI, Problem Solving, Communication",Ramallah,4 months,1647,2026-02-11,True
INT0189,Palestine Stock Exchange,Software Development Intern,Software Engineering,"Join Palestine Stock Exchange as a Software Development Intern in Nablus. Work with Power BI, Excel, SQL, Financial Modeling technologies on real-world projects in Software Engineering.","Power BI, Excel, SQL","Financial Modeling, Problem Solving, Communication",Nablus,4 months,1979,2026-02-06,True
INT0190,Palestine Stock Exchange,Financial Technology Intern,FinTech,"Join Palestine Stock Exchange as a Financial Technology Intern in Nablus. Work with SQL, Tableau, Excel, Financial Modeling technologies on real-world projects in FinTech.","SQL, Tableau, Excel","Financial Modeling, Problem Solving, Communication",Nablus,4 months,1941,2026-01-05,True
INT0191,Palestine Stock Exchange,Financial Technology Intern,FinTech,"Join Palestine Stock Exchange as a Financial Technology Intern in Nablus. Work with Tableau, Financial Modeling, SQL, Python technologies on real-world projects in FinTech.","Tableau, Financial Modeling, SQL","Python, Problem Solving, Communication",Nablus,6 months,1722,2026-02-03,True
INT0192,Palestine Stock Exchange,Web Services Intern,Software Engineering,"Join Palestine Stock Exchange as a Web Services Intern in Ramallah. Work with Tableau, SQL, Financial Modeling, Excel technologies on real-world projects in Software Engineering.","Tableau, SQL, Financial Modeling","Excel, Problem Solving, Communication",Ramallah,3 months,919,2026-01-07,False
INT0193,Palestine Stock Exchange,Python Developer Intern,Software Engineering,"Join Palestine Stock Exchange as a Python Developer Intern in Ramallah. Work with Tableau, Python, Financial Modeling, Excel technologies on real-world projects in Software Engineering.","Tableau, Python, Financial Modeling","Excel, Problem Solving, Communication",Ramallah,3 months,973,2026-02-06,False
INT0194,Palestine Stock Exchange,BI Development Intern,Business Intelligence,"Join Palestine Stock Exchange as a BI Development Intern in Ramallah. Work with SQL, Power BI, Financial Modeling, Python technologies on real-world projects in Business Intelligence.","SQL, Power BI, Financial Modeling","Python, Problem Solving, Communication",Ramallah,4 months,1517,2025-12-15,True
INT0195,Palestine Stock Exchange,Risk Analysis Intern,FinTech,"Join Palestine Stock Exchange as a Risk Analysis Intern in Ramallah. Work with Python, Power BI, Financial Modeling, SQL technologies on real-world projects in FinTech.","Python, Power BI, Financial Modeling","SQL, Problem Solving, Communication",Ramallah,6 months,1751,2026-02-03,False
INT0196,Palestine Stock Exchange,Payment Systems Intern,FinTech,"Join Palestine Stock Exchange as a Payment Systems Intern in Nablus. Work with SQL, Power BI, Python, Excel technologies on real-world projects in FinTech.","SQL, Power BI, Python","Excel, Problem Solving, Communication",Nablus,6 months,1317,2026-01-16,True
INT0197,Palestine Stock Exchange,Backend Engineering Intern,Software Engineering,"Join Palestine Stock Exchange as a Backend Engineering Intern in Nablus. Work with Excel, Tableau, SQL, Power BI technologies on real-world projects in Software Engineering.","Excel, Tableau, SQL","Power BI, Problem Solving, Communication",Nablus,6 months,1418,2026-02-11,True
INT0198,Palestine Stock Exchange,Financial Technology Intern,FinTech,"Join Palestine Stock Exchange as a Financial Technology Intern in Ramallah. Work with Tableau, Financial Modeling, SQL, Power BI technologies on real-world projects in FinTech.","Tableau, Financial Modeling, SQL","Power BI, Problem Solving, Communication",Ramallah,6 months,1104,2025-12-01,False
INT0199,Palestine Stock Exchange,Business Analytics Intern,Business Intelligence,"Join Palestine Stock Exchange as a Business Analytics Intern in Ramallah. Work with Python, Excel, Tableau, SQL technologies on real-world projects in Business Intelligence.","Python, Excel, Tableau","SQL, Problem Solving, Communication",Ramallah,6 months,1004,2025-11-29,True
INT0200,Palestine Stock Exchange,Reporting Analyst Intern,Business Intelligence,"Join Palestine Stock Exchange as a Reporting Analyst Intern in Nablus. Work with Python, SQL, Financial Modeling, Excel technologies on real-world projects in Business Intelligence.","Python, SQL, Financial Modeling","Excel, Problem Solving, Communication",Nablus,6 months,1379,2026-01-16,True
